genus,AAA,AAT,AAG,AAC,ATA,ATT,ATG,ATC,AGA,AGT,AGG,AGC,ACA,ACT,ACG,ACC,TAA,TAT,TAG,TAC,TTA,TTT,TTG,TTC,TGA,TGT,TGG,TGC,TCA,TCT,TCG,TCC,GAA,GAT,GAG,GAC,GTA,GTT,GTG,GTC,GGA,GGT,GGG,GGC,GCA,GCT,GCG,GCC,CAA,CAT,CAG,CAC,CTA,CTT,CTG,CTC,CGA,CGT,CGG,CGC,CCA,CCT,CCG,CCC
Genus_0,0.0301166664074321,0.025577408828709493,0.019475147664230225,0.020477481137067925,0.01588902927746985,0.025957941060187395,0.024381553736251373,0.011340366909756348,0.020212338432055284,0.016945259425678476,0.010916427959858914,0.010071443841292015,0.02702140566146594,0.022622134749646326,0.005478651309851987,0.012402022897767411,0.024102665570405878,0.020997276590141827,0.01422727540730875,0.02037402845816804,0.02942288235802657,0.033761745586712334,0.02751407191552763,0.017222700700909987,0.0211112192259931,0.02881844380403458,0.01860556640522559,0.01833174235652904,0.018450387386875763,0.01808287717092372,0.003749617026140611,0.006915413689538511,0.01791142063316657,0.014704749309923607,0.009875390163097127,0.011358091319777656,0.015703103833572853,0.023478693993125098,0.018478240031194963,0.009035108439025679,0.009362829163093148,0.015186202161726921,0.004481743676816725,0.007520937411490988,0.012498964568904368,0.01743937257035415,0.0029397200049628347,0.006279866987345856,0.02351486625847471,0.016287647641622556,0.014565124365674111,0.015318954375559992,0.018695273623292624,0.024720126139923727,0.016496723335343307,0.009599034055826104,0.0031589239329814734,0.005736197839141212,0.002548697816533547,0.0032309067410271983,0.011710409184282861,0.011368581276729043,0.00250384420750003,0.0037170619873259617
Genus_1,0.03012140275606321,0.025564032791683247,0.019481998828635654,0.020510609256124974,0.015911195329404666,0.02595025058527477,0.02431835818652983,0.011347632843439691,0.020215649675365203,0.016951213033497958,0.010921978465017305,0.010065780875342259,0.027009823620689148,0.022648332891708766,0.005507759066584925,0.012392213458174569,0.024143337971206078,0.021013507193265665,0.014223570236394622,0.020360359127141268,0.02942881810510795,0.03379943465537151,0.02752543252318855,0.017216513695087407,0.021089121141040546,0.02881673623475784,0.018589949798205278,0.01831682700408739,0.01843285530325919,0.018093244382649597,0.0037637494349324055,0.006899120890080461,0.01792278707796743,0.014715712741308715,0.009878701539037167,0.01133394411151493,0.01569739037362742,0.02347193826251533,0.018481743631561912,0.009030977926267928,0.00936798146936804,0.015173959338599585,0.004483711549737193,0.007520980426091114,0.012487056815081854,0.017429666806487287,0.0029479661966542786,0.006281172420334024,0.023479434472855082,0.016232880529636593,0.014567744067645803,0.015346046254225174,0.018709889163641295,0.024737168198989835,0.016494596047150513,0.009595801079258736,0.003181326483752616,0.0057434008090040565,0.0025516448152135265,0.003243903543980103,0.0116911548303135,0.011367514096949466,0.002501126875967378,0.003699868685950179
Genus_2,0.030095121568753363,0.025574546487617224,0.0194741065277861,0.02047259489151222,0.015899558320120015,0.025993091710425187,0.024352738446790145,0.011346015635817495,0.020228634628081003,0.016955954995494904,0.01091772346946469,0.010060852461948936,0.026978966382505038,0.02263928310656878,0.005477782272201746,0.012399545563090962,0.024122251899435624,0.02103877764154354,0.014244011291547422,0.020366238536949372,0.02946529701087042,0.03384855485794833,0.027532535440890092,0.017234602910953356,0.02111187971812986,0.028834612428557053,0.01859544823469952,0.018291859610758677,0.018446664008235594,0.018109821106318227,0.0037416796219791283,0.006912303022154516,0.017940109618713902,0.014713011280940455,0.009876520559027347,0.011337702066323363,0.015702039375931873,0.02349558076446425,0.018462144447983286,0.009033123267588287,0.009368532795454942,0.015182871294763913,0.004481013957336482,0.007505146529529082,0.012462614021322298,0.01741434801691267,0.002931823283326735,0.0062741648947774445,0.02345802636433559,0.01625876185722849,0.014563940379666384,0.015313021658568581,0.018712124882427492,0.024742329513773722,0.016488388380152586,0.009594432545847185,0.003158583058149405,0.00572030916158225,0.0025465323384952954,0.003224518264482166,0.011702925774444832,0.011373536417591168,0.002498084295581223,0.0037006851241287594
Genus_3,0.030130793068691156,0.025571867829033434,0.01949866231315276,0.02046975862660576,0.015911168478843638,0.025961914795513522,0.024337389285637695,0.011343530849900276,0.02024323650517918,0.01696804831757061,0.010920979969546848,0.010074537841257586,0.02698796617984516,0.022647855948015185,0.005490145617534152,0.012404096699478865,0.024133988505007614,0.021013947865062516,0.014239730103583606,0.02037291706877694,0.02943983357996097,0.03378161927126895,0.02751942192626906,0.017211660125672865,0.021110119239100132,0.02881153627570825,0.01856476120011152,0.018325840678547686,0.018434410452722556,0.0180976430976431,0.0037463273928242083,0.006902222865598662,0.01792708132278196,0.014720251881876086,0.009896604044693216,0.011354588882455125,0.015695369298076304,0.02346782581655193,0.0184682547341783,0.00902838094318986,0.009372185228076948,0.015161567908383196,0.004476157541444165,0.007500361899247249,0.012484518754423213,0.017429134765918206,0.00293775064873791,0.006283308134422784,0.02347486274635956,0.01624391473117588,0.014572476355915846,0.01532710330481031,0.018721584207252995,0.024735478457612217,0.01649355819339896,0.009597366981921122,0.003171644791867722,0.005718678290334341,0.0025497142336314313,0.0032309560573891786,0.011705430097149843,0.011376034763773617,0.0024971048060220035,0.0037128182032640632
Genus_4,0.030093286511641185,0.025574208099581747,0.01945990892609881,0.020499122093272235,0.015901174824775526,0.025972477980957275,0.024346566171327425,0.011353903473084664,0.020225757640643514,0.01694609795440595,0.01091637759981728,0.01006059697657488,0.02699420438810615,0.02262786747177137,0.00548905828444178,0.012400254093329337,0.02410424963955862,0.0210173011862447,0.01423422265998601,0.020362796739611437,0.029434499593165176,0.03379762465561789,0.027523089660685483,0.01723230982256292,0.02110116625983184,0.028821035501691575,0.018594492741210226,0.01830828087305326,0.018429260702610882,0.0181194952393188,0.003763935877121608,0.006919760752573052,0.017942486403151898,0.01471457325168087,0.009886799994290037,0.011342840420824233,0.015694545558362954,0.02347044380683197,0.01847137167573123,0.009032446861661884,0.00938182518949938,0.015166374031090746,0.004486603000585271,0.007508600630950851,0.012475911095884544,0.017425377928140123,0.002933493212282129,0.006280601830042968,0.023478295005210342,0.016260188714259202,0.014565400482491827,0.015310550583129917,0.018696201447475483,0.024749118524545703,0.016494297174996075,0.009612008051047064,0.003171527272208185,0.005730304198249897,0.0025473570011277174,0.0032379055857707736,0.01171113299930053,0.011379955176794713,0.0025013204288181806,0.003715758068890697
Genus_5,0.030200334776288945,0.02558562278265297,0.01949503666609266,0.020465222917039894,0.01591452832819788,0.025968734693512952,0.024394105039162277,0.011332073166434831,0.02025877919305317,0.016949228242890968,0.010901816655145188,0.010070086651775589,0.026989539357553088,0.0226452884926978,0.005465796096129329,0.012398533654048952,0.024126621464092935,0.0210324468990515,0.014238165588709514,0.020385325225785417,0.029460908937971104,0.03376198527401186,0.027496219747433968,0.017221674407479216,0.021106389482883285,0.028832148845924995,0.018595815445265864,0.01830550395840953,0.018439990134372038,0.018091616350144436,0.0037378224256442807,0.006909413387180738,0.017918421975934417,0.014723506843659076,0.009902351126036374,0.01134447964023211,0.015703618273644134,0.023455183102184186,0.01847125444834118,0.009027446593852245,0.009354977502100415,0.01518006507939895,0.0044896547377594005,0.007496983986219881,0.012462054799891022,0.017433576979936746,0.002928424075109785,0.006276186964567607,0.023497365113094935,0.016270345996703846,0.014545846138882037,0.015301648522612288,0.018706481191537595,0.02474893018976446,0.016481256051257595,0.009593181799008177,0.003160673264594852,0.005703007875133307,0.0025348907262600882,0.003226675705196377,0.011716177595198595,0.011361848703548302,0.0024937012332531213,0.003713009478049722
Genus_6,0.030071888147074857,0.02555795234478978,0.019479218594943136,0.020479658092580254,0.01588776193205025,0.02597601864836617,0.02435686586935894,0.011342455627045101,0.02023583784866683,0.016947836444759185,0.010916003149474234,0.010067135981811321,0.026990435102660748,0.022646396973522984,0.005488906178901939,0.012369296042812972,0.024114288021592847,0.021019789817631775,0.014227610080181141,0.020357592671105127,0.029450068875336417,0.033807773362094805,0.027520006460459965,0.01723482995479231,0.021104272755650185,0.02883632517855562,0.018601465716854813,0.018320994786595168,0.018452688778212097,0.018115067625175296,0.003755142355303556,0.0069080331781891146,0.017937715575144002,0.01472829572755495,0.009891647526001022,0.011326304477129817,0.015683077166777706,0.02348252958067577,0.018488407667447825,0.009039984967006618,0.00937077294123311,0.015189224698214212,0.004483497096675503,0.0075133907009754365,0.012485149483551452,0.01742864375377572,0.00293578209613972,0.00628279731704552,0.023461719445208,0.016251473404180972,0.014563678238033784,0.015325888274420461,0.01870769058745149,0.024742940472141595,0.01649839963846272,0.009613350788999202,0.0031709055670218365,0.005722166055563062,0.0025549876769832137,0.0032299193840199902,0.011672933002234761,0.011376000323022998,0.0024975268551692222,0.00370358291518938
Genus_7,0.030133503128847806,0.025594143741461028,0.019461686373066608,0.02049606153119571,0.01591242599558082,0.02600190598276182,0.024347243071836996,0.01133089884797679,0.020215224248148835,0.01693836760166647,0.0109062695025891,0.010059962555028928,0.026995378413480188,0.02263059355339282,0.005486447281866176,0.01238551453101017,0.024155379762848518,0.02102990537554607,0.01423288410612782,0.02035226946885489,0.0294394217956719,0.03386998836169818,0.027546511039519626,0.01722173495032638,0.021094843726280635,0.02883515779175873,0.018579536829321775,0.01832400020240525,0.018433636378970095,0.018109787980501627,0.003752930659335099,0.006894428795520097,0.017931418354782666,0.014707271408571863,0.009871050989255654,0.011320356907922479,0.015696527063268507,0.023463406817683472,0.01846357548872434,0.009047514632212796,0.009354495926594363,0.015161418186111627,0.00447821613507177,0.007515559903520165,0.01247364514986422,0.01743636884983217,0.002936141143926999,0.006290586469209101,0.0234629851400813,0.01625735827415791,0.014557154182198459,0.015327980838969758,0.018726280634877798,0.024736029821040027,0.016477473982491945,0.009596538870241368,0.003163003693895795,0.005738188810363149,0.0025494627827348324,0.0032367972742759796,0.011698180039469024,0.01135451279369845,0.0025102467657327912,0.003692209084622261
Genus_8,0.0301011143617279,0.025585087577534714,0.019464522447438317,0.020485762809033053,0.0159078426695917,0.02598739438664779,0.024371290110723462,0.011331485493666716,0.02023381309019456,0.016935334885251906,0.01090385867558848,0.010075800604616807,0.027001445116067235,0.022610142820480197,0.00547037230728738,0.01240524142941141,0.024132469285422457,0.021014982255675198,0.01422765688949629,0.02035291091014179,0.029410597080196596,0.03383003271907825,0.027542855678137048,0.01723010980443888,0.021112823771799825,0.02883292576454705,0.018596765103150902,0.01832918574914873,0.018424213930943897,0.018099430112242663,0.0037511124392827747,0.006916113559927616,0.017935006350320765,0.014715301506603051,0.009887307204542848,0.011339925496655101,0.015699655929211506,0.02345007941417627,0.01846391320425964,0.009030803197573281,0.009368715909812003,0.01515887055254824,0.004496333443886952,0.007517541921025954,0.01246838515547267,0.017464866924597325,0.002927743258860206,0.0062831133357986475,0.023464771271230124,0.016281078357300336,0.01456869552876775,0.015302038010647532,0.018717738479317774,0.024735773202740438,0.016504269547437663,0.009596283397795159,0.003154998154140087,0.00571857091368659,0.0025479431243828248,0.003228144846706101,0.011713161184363738,0.011384001067816674,0.0024985534772656018,0.0037017227921655516
Genus_9,0.030071417740944895,0.0255933737569285,0.01946244480555781,0.02049687633534941,0.015881602465236882,0.025999549714436247,0.024373314300855084,0.011332493004492135,0.020230993431038152,0.016930430880400173,0.010908244361092265,0.010046881772471011,0.02699293480508302,0.022634354337980667,0.005478168042283959,0.012395105671607044,0.024137450434127357,0.021022822126481232,0.014221365896841722,0.020374043334624968,0.02947348752295461,0.03387587127959211,0.027518880596214844,0.017246549725157333,0.021115636089622143,0.028849214067901224,0.01857412634645339,0.01831927084370343,0.018418823774465132,0.01812139024902017,0.00374717231387048,0.006919081846293338,0.017929942305247665,0.014721887401040558,0.009880245482211423,0.011334330904752351,0.015683415553843585,0.023488671642271093,0.018459257580189885,0.009036955579482295,0.00937022816000147,0.015159920296392048,0.004486927168607439,0.00749587621129114,0.012462495347814967,0.017443511369710486,0.0029231803638736197,0.00626907778759693,0.0234853021584607,0.01624856988386002,0.014549737410000322,0.01530174493313872,0.018722383634110815,0.024746714370388976,0.016508020137260517,0.009591082507937432,0.0031470978789099415,0.0057238340437328365,0.0025473297606594387,0.0032316412908798796,0.01170497412389592,0.011368638376276384,0.0025010759374440015,0.003712558525636411
